{"ongoing_trials": {}, "hyperparameters": {"space": [{"class_name": "Choice", "config": {"name": "activation", "default": "relu", "conditions": [], "values": ["relu", "tanh", "sigmoid", "selu"], "ordered": false}}, {"class_name": "Int", "config": {"name": "first_units", "default": null, "conditions": [], "min_value": 1, "max_value": 11, "step": 2, "sampling": "linear"}}, {"class_name": "Int", "config": {"name": "num_layers", "default": null, "conditions": [], "min_value": 1, "max_value": 6, "step": 1, "sampling": "linear"}}, {"class_name": "Int", "config": {"name": "units_0", "default": null, "conditions": [], "min_value": 1, "max_value": 22, "step": 5, "sampling": "linear"}}, {"class_name": "Choice", "config": {"name": "learning_rate", "default": 0.01, "conditions": [], "values": [0.01, 0.001, 0.0001], "ordered": true}}, {"class_name": "Int", "config": {"name": "units_1", "default": null, "conditions": [], "min_value": 1, "max_value": 22, "step": 5, "sampling": "linear"}}, {"class_name": "Int", "config": {"name": "units_2", "default": null, "conditions": [], "min_value": 1, "max_value": 22, "step": 5, "sampling": "linear"}}, {"class_name": "Int", "config": {"name": "units_3", "default": null, "conditions": [], "min_value": 1, "max_value": 22, "step": 5, "sampling": "linear"}}, {"class_name": "Int", "config": {"name": "units_4", "default": null, "conditions": [], "min_value": 1, "max_value": 22, "step": 5, "sampling": "linear"}}, {"class_name": "Int", "config": {"name": "units_5", "default": null, "conditions": [], "min_value": 1, "max_value": 22, "step": 5, "sampling": "linear"}}], "values": {"activation": "relu", "first_units": 1, "num_layers": 1, "units_0": 1, "learning_rate": 0.01, "units_1": 1, "units_2": 1, "units_3": 1, "units_4": 1, "units_5": 1}}, "start_order": ["0000", "0001", "0002", "0003", "0004", "0005", "0006", "0007", "0008", "0009", "0010", "0011", "0012", "0013", "0014", "0015", "0016", "0017", "0018", "0019", "0020", "0021", "0022", "0023", "0024", "0025", "0026", "0027", "0028", "0029", "0030", "0031", "0032", "0033", "0034", "0035", "0036", "0037", "0038", "0039", "0040", "0041", "0042", "0043", "0044", "0045", "0046", "0047", "0048", "0049", "0050", "0051", "0052", "0053", "0054", "0055", "0056", "0057", "0058", "0059", "0060", "0061", "0062", "0063", "0064", "0065", "0066", "0067", "0068", "0069", "0070", "0071", "0072", "0073", "0074", "0075", "0076", "0077", "0078", "0079", "0080", "0081", "0082", "0083", "0084", "0085", "0086", "0087", "0088", "0089", "0090", "0091", "0092", "0093", "0094", "0095", "0096", "0097", "0098", "0099", "0100", "0101", "0102", "0103", "0104", "0105", "0106", "0107", "0108", "0109", "0110", "0111", "0112", "0113", "0114", "0115", "0116", "0117", "0118", "0119", "0120", "0121", "0122", "0123", "0124", "0125", "0126", "0127", "0128", "0129", "0130", "0131", "0132", "0133", "0134", "0135", "0136", "0137", "0138", "0139", "0140", "0141", "0142", "0143", "0144", "0145", "0146", "0147", "0148", "0149"], "end_order": ["0000", "0001", "0002", "0003", "0004", "0005", "0006", "0007", "0008", "0009", "0010", "0011", "0012", "0013", "0014", "0015", "0016", "0017", "0018", "0019", "0020", "0021", "0022", "0023", "0024", "0025", "0026", "0027", "0028", "0029", "0030", "0031", "0032", "0033", "0034", "0035", "0036", "0037", "0038", "0039", "0040", "0041", "0042", "0043", "0044", "0045", "0046", "0047", "0048", "0049", "0050", "0051", "0052", "0053", "0054", "0055", "0056", "0057", "0058", "0059", "0060", "0061", "0062", "0063", "0064", "0065", "0066", "0067", "0068", "0069", "0070", "0071", "0072", "0073", "0074", "0075", "0076", "0077", "0078", "0079", "0080", "0081", "0082", "0083", "0084", "0085", "0086", "0087", "0088", "0089", "0090", "0091", "0092", "0093", "0094", "0095", "0096", "0097", "0098", "0099", "0100", "0101", "0102", "0103", "0104", "0105", "0106", "0107", "0108", "0109", "0110", "0111", "0112", "0113", "0114", "0115", "0116", "0117", "0118", "0119", "0120", "0121", "0122", "0123", "0124", "0125", "0126", "0127", "0128", "0129", "0130", "0131", "0132", "0133", "0134", "0135", "0136", "0137", "0138", "0139", "0140", "0141", "0142", "0143", "0144", "0145", "0146", "0147", "0148", "0149"], "run_times": {"0000": 1, "0001": 1, "0002": 1, "0003": 1, "0004": 1, "0005": 1, "0006": 1, "0007": 1, "0008": 1, "0009": 1, "0010": 1, "0011": 1, "0012": 1, "0013": 1, "0014": 1, "0015": 1, "0016": 1, "0017": 1, "0018": 1, "0019": 1, "0020": 1, "0021": 1, "0022": 1, "0023": 1, "0024": 1, "0025": 1, "0026": 1, "0027": 1, "0028": 1, "0029": 1, "0030": 1, "0031": 1, "0032": 1, "0033": 1, "0034": 1, "0035": 1, "0036": 1, "0037": 1, "0038": 1, "0039": 1, "0040": 1, "0041": 1, "0042": 1, "0043": 1, "0044": 1, "0045": 1, "0046": 1, "0047": 1, "0048": 1, "0049": 1, "0050": 1, "0051": 1, "0052": 1, "0053": 1, "0054": 1, "0055": 1, "0056": 1, "0057": 1, "0058": 1, "0059": 1, "0060": 1, "0061": 1, "0062": 1, "0063": 1, "0064": 1, "0065": 1, "0066": 1, "0067": 1, "0068": 1, "0069": 1, "0070": 1, "0071": 1, "0072": 1, "0073": 1, "0074": 1, "0075": 1, "0076": 1, "0077": 1, "0078": 1, "0079": 1, "0080": 1, "0081": 1, "0082": 1, "0083": 1, "0084": 1, "0085": 1, "0086": 1, "0087": 1, "0088": 1, "0089": 1, "0090": 1, "0091": 1, "0092": 1, "0093": 1, "0094": 1, "0095": 1, "0096": 1, "0097": 1, "0098": 1, "0099": 1, "0100": 1, "0101": 1, "0102": 1, "0103": 1, "0104": 1, "0105": 1, "0106": 1, "0107": 1, "0108": 1, "0109": 1, "0110": 1, "0111": 1, "0112": 1, "0113": 1, "0114": 1, "0115": 1, "0116": 1, "0117": 1, "0118": 1, "0119": 1, "0120": 1, "0121": 1, "0122": 1, "0123": 1, "0124": 1, "0125": 1, "0126": 1, "0127": 1, "0128": 1, "0129": 1, "0130": 1, "0131": 1, "0132": 1, "0133": 1, "0134": 1, "0135": 1, "0136": 1, "0137": 1, "0138": 1, "0139": 1, "0140": 1, "0141": 1, "0142": 1, "0143": 1, "0144": 1, "0145": 1, "0146": 1, "0147": 1, "0148": 1, "0149": 1}, "retry_queue": [], "seed": 4801, "seed_state": 5896, "tried_so_far": ["ce37e0f4ab3dd86eacc890e5cacd080e", "e223e4692bbf2de026e47463b275bfff", "5e71717d73d3de998474744ad87120ec", "fdc6f915e2b3bbdb84f315bf177f4277", "73dfff9363a2fa000cdab91c2c6b0402", "5c4909bbeb27bdebf20371cc2da74be8", "0bb62cbcf84cc3b6a762abf8dfd6bb31", "a72b31a8f95de74c9e236a5d5043af50", "b862ed4e61f478029da7046da014b1f7", "4720af38f4c2b075f40c598f998010ae", "b937475255dfd8a22135f473e2656196", "e1cd4fba41ce94bed1d8f07c2bb08264", "af24e633e1fed0f07b174ee3acfdfcea", "f67e83ac5a98ad51947f299ca4b327a9", "1b2b46b0e15d0e268024772c88a69e2e", "367e7ad9cff98aa1c1f79bb37cd16003", "9a49ae3c11eb76354983c95eac0f23ea", "d6c2129f01ac2357c3fee01fcdd3929b", "56a537809421041fe21be1bcabef327b", "ed01337aa17ef00de047c124b7d73447", "0b71b486207c54c970ad721647ec994d", "3f207be1de09915289b870e61e89fb9c", "03ba29ccfd772931e821de67fd720089", "3353f164de17d6cce2054cb5416cb1aa", "d8b3051b9bf6a8861f91d5bc90faf4f8", "1772227b9022dab30e6b5aae5385bef5", "2bfff8c2d02684a53371ff69ec06a231", "9a852d889dc9c876da8681568128c435", "635d91a6c7e3877ab07b93af3e0c507d", "8d1babd1fbaf08714e5b0ee6d8ed9641", "554d0d603af5ddbfe0daf9d80e5e4bc0", "1cefcc7247fd626634925ce45201a8d7", "f2f1b260c9e2bb83de771d39a59d992d", "afefcbf461b2c5092a095b0592900755", "aadda80ce1389572c9db08d34d435b0d", "4dcf25eef568960b4e90cc222e352cac", "e09a80fa20be35ba23171f44d192935e", "69083f176260923b64d3fe9553b7be38", "9706edb1df448c35d8d2088545ea9fc7", "3fc948792111fded7be8081d24eb916d", "d3d5999752af71518bf7dfd9daa33cec", "95c076d2aaca6302aaac0d61394bfb06", "42d8bda3f05a94e0cf3a2056e7b6b99f", "498a64da1f2842192836d8837d67808e", "b00934de6bb47e12ebb5d743ee33ce32", "3b72c318f7d8af2cb988287fee7d9f7e", "21e71c123975a6da8784b30a4291f09e", "6209fd3aa48428372930860222dda8cb", "aadbb60751e7a1fe25ec07aad36187ea", "9c5a599ad931f8a3eedb58bf90999794", "4d2c37cdfcdeb1d2a8f87badf42d1d12", "cf8772ee1e7e4558ad123cfe2c0b150a", "23dd6ba5352bef8804415f6df863c910", "c0714e0ad8d9a2a11b359e68f7bcc49f", "419cea7ce2d799f57621150fde0d2d0a", "d319c73780c4d36fe7183f9e65375075", "90db97591ecf9df3b681a40e4994e9b6", "2f8f541559e0748ea3b7c5a4f94a19fe", "61b839d59a2043f484a07b57e3cf42f8", "f7b777241441b52985d26daab1d2ba38", "f209bff6cb64cf6438a4e12670c2884d", "70bb9f5da2d3c301b1b3901cbc469cef", "6ce8196553ce3853cd56f5dcb7095678", "610d1af25cd77ab386b1530ec6a6f68d", "7644310d7278b949dc4caa0d45cf08cf", "71645b09e86afc902189742a53812fe3", "fb40cf41efd264104f02fd8d8c9358ce", "99ee901031fa0fb8ffbf44dce2eea08f", "63aeb7aed3cd42f880598d2b92cfb893", "a7fe36dee8c42917068bd1134dd1b16d", "a5aa73017c05e7237f1230352f0563ca", "174bd9062cd1751b56fc3e8e15351dc5", "5f9997348619b08b1338d93055760e69", "97f52e0865c36a1d6c717783fb1fee74", "a4ba8ef25518544947b560d3776314f7", "8c918df89a5990911956d21504b6a8a6", "bec6594e4d0dc86c73f6cb96dbfaaed9", "1f8ef949715394aeee715c868ce41b0f", "b5d677c454502adaeb5d48bd3362b479", "52d8038005248d2b9e6947fa4ab87a54", "7d71283019689897be1356a0cacaea13", "70f8484b68df750d4ff3819d5e751eb5", "8bf3e0d6f947e2ad56a803ee7b73377a", "bf465df79361fdf9048c9d03518c3b25", "94b1a995e4a77de90f391bd8a7ed87a4", "75880f289fb6efe5085db38dbe3a6907", "5549475f205061577bf70c32a008ca34", "2fd21dfeab0325eaf98691de053b0219", "abf6bbcc0038274c1ae2e923145ddd13", "1f231361f7d96702b6cd2c9e2ffb06ca", "b07ba0035906668733684e5e6b675e02", "3e51a3460129995160c9cf8956fff2af", "0edf8047741080e067eff36035cfc2a9", "f88005bce1fc33760c8a504c908121b5", "724641211062f17c99c14c459f5fca59", "addd1983403140ff03538df4c22582f0", "d90c109998f4a3acc9c2795feefef50b", "69361ca4c507ea78c9c5d1356b44c2ba", "6c13f9e008d3fc26b6e37b170990b6db", "be512f38d5d1150871682e953bf1e00e", "117418ef5a181f89aa630234c7aa5e84", "28850cd9c7db04061594bf09df5606b3", "bcd603e635dfc31dfb711b6ca7a55b23", "82c2c82e749a9ca08f19db8850e0a8ac", "8cdfbffdfbccbe30db94de6163a6a5c9", "904b22673dbfe05a7942a2e2d4a019ce", "53dac5f0ba95978a4a7b8d7e8a514651", "60d3f3051b132dba849a0afdb522f449", "4d0e43c4f860936f0e5be2939365957f", "f44878050c87f6a2eceea2245e17508c", "9fb64e09391a4c5de4b7b94472bbf82f", "25d3daec0f84be670abcd5fd2829960f", "189fd0f48cd448aa151e5f27661ca42f", "81e171bebb907d9784b97f7d26d7b343", "ec1fc1ef44aefea0c7499be833ef0a31", "b7d8744754740ddaa66c299d1eab6c90", "068506f7665e5e73e4586aadf2425d28", "f8ed369ab4e417688809de5e1b615672", "050a7c290ae108be9fec648b35b9419d", "198f331f1a163970b51ac226f99cbcf2", "b9be645b2a53cc942db52af8e55c5529", "4773d1703b96a3163d4d70617f125779", "09eeae45fa341d59a22209e219769325", "7c378ff9e44ca91aff1fe5edf9948872", "00c36bcc407ddfb89c8a56a13c2b1df3", "940ec9381aaed374fa30bc78fbce7fd4", "b1a16d9384a000c9255058a909c0e79e", "839d8d1ba35947e2d04ff6d61b77ae54", "b09ce2057546cb0f01cc7055493c904e", "8921eec94b247e65cd0d9f148ae6b32f", "54d43ff7eb7ed31871118201e5010f36", "057f88fdbd44de85b573f4c6df4e91e8", "742e83f3e7bf568e258ceaadc3627683", "1bd8253fdb022506fea070a90ea28989", "017449522ded5cc67a0b8f9a3d628566", "487d282fa71c2d59bd05cefcdf5bbd94", "c9868d675546d87383d26c01f7459d7d", "684aaebc869d4463ca16b9021350ce0d", "7f77c346abd76f93b87a8a8adf28130f", "19814a8e1f3a379a9f6bc725714089b9", "e9cb3d4640cc0d26ce4f6701cd75b68f", "e13fc87f6b39d3ee8a6df7707f0ca5a4", "36846aa43c2d48461952fb6a291a5cff", "334e63319cd7c346b9ebea607645645c", "6a96e7f49729d523e95bd059dd82b8f4", "8b615e29717b2dcd6adf6b8a1a04380b", "9c3f936ae626ad189c05a913c1514f0e", "78a8b765baaf88597e8a150f5edbf552", "ffd5fbca88fa930b3c8e30f657d53781", "d8fbaf6f78e9f5d24e09cbd6104a464e"], "id_to_hash": {"0000": "b9be645b2a53cc942db52af8e55c5529", "0001": "ed01337aa17ef00de047c124b7d73447", "0002": "90db97591ecf9df3b681a40e4994e9b6", "0003": "554d0d603af5ddbfe0daf9d80e5e4bc0", "0004": "940ec9381aaed374fa30bc78fbce7fd4", "0005": "2fd21dfeab0325eaf98691de053b0219", "0006": "1cefcc7247fd626634925ce45201a8d7", "0007": "aadbb60751e7a1fe25ec07aad36187ea", "0008": "2f8f541559e0748ea3b7c5a4f94a19fe", "0009": "bec6594e4d0dc86c73f6cb96dbfaaed9", "0010": "1bd8253fdb022506fea070a90ea28989", "0011": "60d3f3051b132dba849a0afdb522f449", "0012": "bcd603e635dfc31dfb711b6ca7a55b23", "0013": "42d8bda3f05a94e0cf3a2056e7b6b99f", "0014": "0b71b486207c54c970ad721647ec994d", "0015": "d90c109998f4a3acc9c2795feefef50b", "0016": "25d3daec0f84be670abcd5fd2829960f", "0017": "367e7ad9cff98aa1c1f79bb37cd16003", "0018": "73dfff9363a2fa000cdab91c2c6b0402", "0019": "117418ef5a181f89aa630234c7aa5e84", "0020": "be512f38d5d1150871682e953bf1e00e", "0021": "69361ca4c507ea78c9c5d1356b44c2ba", "0022": "71645b09e86afc902189742a53812fe3", "0023": "abf6bbcc0038274c1ae2e923145ddd13", "0024": "95c076d2aaca6302aaac0d61394bfb06", "0025": "e9cb3d4640cc0d26ce4f6701cd75b68f", "0026": "839d8d1ba35947e2d04ff6d61b77ae54", "0027": "23dd6ba5352bef8804415f6df863c910", "0028": "f209bff6cb64cf6438a4e12670c2884d", "0029": "d319c73780c4d36fe7183f9e65375075", "0030": "2bfff8c2d02684a53371ff69ec06a231", "0031": "050a7c290ae108be9fec648b35b9419d", "0032": "5549475f205061577bf70c32a008ca34", "0033": "610d1af25cd77ab386b1530ec6a6f68d", "0034": "742e83f3e7bf568e258ceaadc3627683", "0035": "fb40cf41efd264104f02fd8d8c9358ce", "0036": "d8fbaf6f78e9f5d24e09cbd6104a464e", "0037": "d3d5999752af71518bf7dfd9daa33cec", "0038": "94b1a995e4a77de90f391bd8a7ed87a4", "0039": "487d282fa71c2d59bd05cefcdf5bbd94", "0040": "7d71283019689897be1356a0cacaea13", "0041": "82c2c82e749a9ca08f19db8850e0a8ac", "0042": "7f77c346abd76f93b87a8a8adf28130f", "0043": "19814a8e1f3a379a9f6bc725714089b9", "0044": "7c378ff9e44ca91aff1fe5edf9948872", "0045": "b1a16d9384a000c9255058a909c0e79e", "0046": "3f207be1de09915289b870e61e89fb9c", "0047": "198f331f1a163970b51ac226f99cbcf2", "0048": "b00934de6bb47e12ebb5d743ee33ce32", "0049": "03ba29ccfd772931e821de67fd720089", "0050": "9a49ae3c11eb76354983c95eac0f23ea", "0051": "69083f176260923b64d3fe9553b7be38", "0052": "189fd0f48cd448aa151e5f27661ca42f", "0053": "174bd9062cd1751b56fc3e8e15351dc5", "0054": "f8ed369ab4e417688809de5e1b615672", "0055": "9fb64e09391a4c5de4b7b94472bbf82f", "0056": "8921eec94b247e65cd0d9f148ae6b32f", "0057": "3353f164de17d6cce2054cb5416cb1aa", "0058": "e1cd4fba41ce94bed1d8f07c2bb08264", "0059": "4dcf25eef568960b4e90cc222e352cac", "0060": "068506f7665e5e73e4586aadf2425d28", "0061": "28850cd9c7db04061594bf09df5606b3", "0062": "8c918df89a5990911956d21504b6a8a6", "0063": "f44878050c87f6a2eceea2245e17508c", "0064": "498a64da1f2842192836d8837d67808e", "0065": "8cdfbffdfbccbe30db94de6163a6a5c9", "0066": "1f231361f7d96702b6cd2c9e2ffb06ca", "0067": "addd1983403140ff03538df4c22582f0", "0068": "f67e83ac5a98ad51947f299ca4b327a9", "0069": "6ce8196553ce3853cd56f5dcb7095678", "0070": "e13fc87f6b39d3ee8a6df7707f0ca5a4", "0071": "99ee901031fa0fb8ffbf44dce2eea08f", "0072": "8bf3e0d6f947e2ad56a803ee7b73377a", "0073": "419cea7ce2d799f57621150fde0d2d0a", "0074": "724641211062f17c99c14c459f5fca59", "0075": "c9868d675546d87383d26c01f7459d7d", "0076": "bf465df79361fdf9048c9d03518c3b25", "0077": "ce37e0f4ab3dd86eacc890e5cacd080e", "0078": "4d2c37cdfcdeb1d2a8f87badf42d1d12", "0079": "017449522ded5cc67a0b8f9a3d628566", "0080": "3b72c318f7d8af2cb988287fee7d9f7e", "0081": "54d43ff7eb7ed31871118201e5010f36", "0082": "1f8ef949715394aeee715c868ce41b0f", "0083": "aadda80ce1389572c9db08d34d435b0d", "0084": "b07ba0035906668733684e5e6b675e02", "0085": "3e51a3460129995160c9cf8956fff2af", "0086": "9a852d889dc9c876da8681568128c435", "0087": "0edf8047741080e067eff36035cfc2a9", "0088": "f7b777241441b52985d26daab1d2ba38", "0089": "75880f289fb6efe5085db38dbe3a6907", "0090": "b7d8744754740ddaa66c299d1eab6c90", "0091": "63aeb7aed3cd42f880598d2b92cfb893", "0092": "b09ce2057546cb0f01cc7055493c904e", "0093": "78a8b765baaf88597e8a150f5edbf552", "0094": "635d91a6c7e3877ab07b93af3e0c507d", "0095": "ec1fc1ef44aefea0c7499be833ef0a31", "0096": "ffd5fbca88fa930b3c8e30f657d53781", "0097": "00c36bcc407ddfb89c8a56a13c2b1df3", "0098": "70bb9f5da2d3c301b1b3901cbc469cef", "0099": "1772227b9022dab30e6b5aae5385bef5", "0100": "56a537809421041fe21be1bcabef327b", "0101": "e223e4692bbf2de026e47463b275bfff", "0102": "4d0e43c4f860936f0e5be2939365957f", "0103": "af24e633e1fed0f07b174ee3acfdfcea", "0104": "b5d677c454502adaeb5d48bd3362b479", "0105": "c0714e0ad8d9a2a11b359e68f7bcc49f", "0106": "7644310d7278b949dc4caa0d45cf08cf", "0107": "5c4909bbeb27bdebf20371cc2da74be8", "0108": "6c13f9e008d3fc26b6e37b170990b6db", "0109": "5f9997348619b08b1338d93055760e69", "0110": "f88005bce1fc33760c8a504c908121b5", "0111": "8d1babd1fbaf08714e5b0ee6d8ed9641", "0112": "4720af38f4c2b075f40c598f998010ae", "0113": "61b839d59a2043f484a07b57e3cf42f8", "0114": "5e71717d73d3de998474744ad87120ec", "0115": "21e71c123975a6da8784b30a4291f09e", "0116": "1b2b46b0e15d0e268024772c88a69e2e", "0117": "057f88fdbd44de85b573f4c6df4e91e8", "0118": "52d8038005248d2b9e6947fa4ab87a54", "0119": "cf8772ee1e7e4558ad123cfe2c0b150a", "0120": "70f8484b68df750d4ff3819d5e751eb5", "0121": "9c3f936ae626ad189c05a913c1514f0e", "0122": "6a96e7f49729d523e95bd059dd82b8f4", "0123": "a5aa73017c05e7237f1230352f0563ca", "0124": "97f52e0865c36a1d6c717783fb1fee74", "0125": "3fc948792111fded7be8081d24eb916d", "0126": "334e63319cd7c346b9ebea607645645c", "0127": "e09a80fa20be35ba23171f44d192935e", "0128": "d8b3051b9bf6a8861f91d5bc90faf4f8", "0129": "09eeae45fa341d59a22209e219769325", "0130": "9706edb1df448c35d8d2088545ea9fc7", "0131": "a7fe36dee8c42917068bd1134dd1b16d", "0132": "53dac5f0ba95978a4a7b8d7e8a514651", "0133": "6209fd3aa48428372930860222dda8cb", "0134": "81e171bebb907d9784b97f7d26d7b343", "0135": "afefcbf461b2c5092a095b0592900755", "0136": "f2f1b260c9e2bb83de771d39a59d992d", "0137": "36846aa43c2d48461952fb6a291a5cff", "0138": "fdc6f915e2b3bbdb84f315bf177f4277", "0139": "684aaebc869d4463ca16b9021350ce0d", "0140": "4773d1703b96a3163d4d70617f125779", "0141": "0bb62cbcf84cc3b6a762abf8dfd6bb31", "0142": "b862ed4e61f478029da7046da014b1f7", "0143": "9c5a599ad931f8a3eedb58bf90999794", "0144": "8b615e29717b2dcd6adf6b8a1a04380b", "0145": "a72b31a8f95de74c9e236a5d5043af50", "0146": "b937475255dfd8a22135f473e2656196", "0147": "904b22673dbfe05a7942a2e2d4a019ce", "0148": "a4ba8ef25518544947b560d3776314f7", "0149": "d6c2129f01ac2357c3fee01fcdd3929b"}, "hyperband_iterations": 5, "max_epochs": 10, "min_epochs": 1, "factor": 3, "brackets": [{"bracket_num": 0, "rounds": [[{"past_id": null, "id": "0146"}, {"past_id": null, "id": "0147"}, {"past_id": null, "id": "0148"}, {"past_id": null, "id": "0149"}]]}], "current_bracket": 0, "current_iteration": 4}