{"trial_id": "0077", "hyperparameters": {"space": [{"class_name": "Choice", "config": {"name": "activation", "default": "relu", "conditions": [], "values": ["relu", "tanh", "sigmoid", "selu"], "ordered": false}}, {"class_name": "Int", "config": {"name": "first_units", "default": null, "conditions": [], "min_value": 1, "max_value": 11, "step": 2, "sampling": "linear"}}, {"class_name": "Int", "config": {"name": "num_layers", "default": null, "conditions": [], "min_value": 1, "max_value": 6, "step": 1, "sampling": "linear"}}, {"class_name": "Int", "config": {"name": "units_0", "default": null, "conditions": [], "min_value": 1, "max_value": 22, "step": 5, "sampling": "linear"}}, {"class_name": "Choice", "config": {"name": "learning_rate", "default": 0.01, "conditions": [], "values": [0.01, 0.001, 0.0001], "ordered": true}}, {"class_name": "Int", "config": {"name": "units_1", "default": null, "conditions": [], "min_value": 1, "max_value": 22, "step": 5, "sampling": "linear"}}, {"class_name": "Int", "config": {"name": "units_2", "default": null, "conditions": [], "min_value": 1, "max_value": 22, "step": 5, "sampling": "linear"}}, {"class_name": "Int", "config": {"name": "units_3", "default": null, "conditions": [], "min_value": 1, "max_value": 22, "step": 5, "sampling": "linear"}}, {"class_name": "Int", "config": {"name": "units_4", "default": null, "conditions": [], "min_value": 1, "max_value": 22, "step": 5, "sampling": "linear"}}, {"class_name": "Int", "config": {"name": "units_5", "default": null, "conditions": [], "min_value": 1, "max_value": 22, "step": 5, "sampling": "linear"}}], "values": {"activation": "relu", "first_units": 1, "num_layers": 5, "units_0": 16, "learning_rate": 0.01, "units_1": 11, "units_2": 11, "units_3": 6, "units_4": 16, "units_5": 16, "tuner/epochs": 10, "tuner/initial_epoch": 4, "tuner/bracket": 2, "tuner/round": 2, "tuner/trial_id": "0073"}}, "metrics": {"metrics": {"loss": {"direction": "min", "observations": [{"value": [1.1005257368087769], "step": 1}]}, "accuracy": {"direction": "max", "observations": [{"value": [0.5330312848091125], "step": 1}]}, "val_loss": {"direction": "min", "observations": [{"value": [1.1050482988357544], "step": 1}]}, "val_accuracy": {"direction": "max", "observations": [{"value": [0.5225014686584473], "step": 1}]}}}, "score": 0.5225014686584473, "best_step": 1, "status": "COMPLETED", "message": null}